nan	nan	nan	nan	nan	nan	nan	nan	nan	nan	nan	nan	nan	nan	nan	nan	nan	nan	nan	nan	nan	nan	nan	nan	nan	nan	nan	nan	nan	nan	nan	nan	nan	nan	nan	nan	nan	nan	nan	nan	nan	nan	nan	nan	nan	nan	nan	nan	nan	nan	nan	nan	nan	nan	nan	nan	nan	nan	nan	nan	nan	nan	nan	nan	nan	nan	nan	nan	nan	nan	nan	nan	nan	nan	nan	nan	nan	nan	nan	nan	nan	nan	nan	nan	nan	nan	nan
nan	nan	nan	nan	nan	nan	nan	nan	nan	nan	nan	nan	nan	nan	nan	nan	nan	nan	nan	nan	nan	nan	nan	nan	nan	nan	nan	nan	nan	nan	nan	nan	nan	nan	nan	nan	nan	nan	nan	nan	nan	nan	nan	nan	nan	nan	nan	nan	nan	nan	nan	nan	nan	nan	nan	nan	nan	nan	nan	nan	nan	nan	nan	nan	nan	nan	nan	nan	nan	nan	nan	nan	nan	nan	nan	nan	nan	nan	nan	nan	nan	nan	nan	nan	nan	nan	nan
nan	nan	nan	nan	nan	nan	nan	nan	nan	nan	nan	nan	nan	nan	nan	nan	nan	nan	nan	nan	nan	nan	nan	nan	nan	nan	nan	nan	nan	nan	nan	nan	nan	nan	nan	nan	nan	nan	nan	nan	nan	nan	nan	nan	nan	nan	nan	nan	nan	nan	nan	nan	nan	nan	nan	nan	nan	nan	nan	nan	nan	nan	nan	nan	nan	nan	nan	nan	nan	nan	nan	nan	nan	nan	nan	nan	nan	nan	nan	nan	nan	nan	nan	nan	nan	nan	nan
nan	nan	nan	nan	nan	nan	nan	nan	nan	nan	0.0010347117204219103	0.00038672497612424195	nan	nan	nan	nan	nan	nan	nan	nan	nan	0.0013941687066107988	0.007148709148168564	0.013292149640619755	nan	nan	nan	nan	nan	nan	nan	nan	nan	nan	nan	nan	nan	nan	nan	nan	nan	nan	nan	nan	nan	nan	nan	nan	nan	nan	nan	nan	nan	nan	nan	nan	nan	nan	nan	nan	nan	nan	nan	nan	nan	nan	nan	nan	nan	nan	nan	nan	nan	nan	nan	nan	nan	nan	nan	nan	nan	nan	nan	nan	nan	nan	nan
nan	nan	nan	nan	nan	nan	0.02328598126769066	0.007301505655050278	0.01144472137093544	0.04385507106781006	0.008530030958354473	0.06731188297271729	0.004977870266884565	0.001650316291488707	nan	nan	nan	0.001649448531679809	nan	nan	0.003333397675305605	0.004873055964708328	0.021522631868720055	0.015996547415852547	0.0017510817851871252	nan	nan	nan	nan	nan	nan	nan	nan	nan	nan	nan	nan	0.0005941703566350043	0.0010345096234232187	nan	nan	nan	nan	nan	nan	nan	nan	nan	nan	nan	nan	nan	nan	nan	nan	nan	nan	nan	nan	nan	nan	nan	nan	nan	nan	nan	nan	nan	nan	nan	nan	nan	nan	nan	nan	nan	nan	nan	nan	nan	nan	nan	nan	nan	nan	nan	nan
nan	nan	nan	nan	0.05650689825415611	0.022160502150654793	0.015156103298068047	0.00808270089328289	0.005144421476870775	0.029615085572004318	0.004947641398757696	0.002384980209171772	0.001709525822661817	0.004328147042542696	0.015449068509042263	nan	nan	nan	nan	0.0033528029453009367	0.02654663659632206	0.002988878870382905	0.003829473862424493	0.009442126378417015	0.0012363848509266973	0.004461800679564476	nan	nan	nan	nan	nan	nan	nan	nan	0.0005210404633544385	nan	nan	0.019623680040240288	0.021419091150164604	nan	nan	nan	nan	nan	nan	nan	nan	nan	nan	nan	nan	nan	nan	nan	nan	nan	nan	nan	nan	nan	nan	nan	nan	nan	nan	nan	nan	nan	nan	nan	nan	nan	nan	nan	nan	nan	nan	nan	nan	nan	nan	nan	nan	nan	nan	nan	nan
nan	nan	nan	nan	nan	0.040733858942985535	0.02746598981320858	0.08083055913448334	0.031671199947595596	0.030902283266186714	0.01712634041905403	0.03212375193834305	0.004125958774238825	0.0023356969468295574	0.0014796906616538763	0.005551902111619711	0.0006485558697022498	0.0011596942786127329	0.0009092205436900258	0.001162899425253272	0.0042328136041760445	0.0018245512619614601	0.002641845028847456	0.0009295465424656868	0.0021728540305048227	0.002742365701124072	0.0022213293705135584	nan	0.0019188354490324855	0.001158668426796794	0.0016476379241794348	nan	nan	nan	nan	0.0007215545047074556	nan	0.012683948501944542	0.009872162714600563	nan	nan	nan	nan	nan	nan	nan	nan	nan	nan	nan	nan	nan	nan	nan	nan	nan	nan	nan	nan	nan	nan	nan	nan	nan	nan	nan	nan	nan	nan	nan	nan	nan	nan	nan	nan	nan	nan	nan	nan	nan	nan	nan	nan	nan	nan	nan	nan
nan	nan	nan	nan	0.03809326887130737	0.16539694368839264	0.06701406836509705	0.03962937369942665	0.03158516064286232	0.049430061131715775	0.013726076111197472	0.021526990458369255	0.002995099173858762	0.004749728366732597	0.009301120415329933	0.007530231028795242	0.02280213125050068	0.0009949844097718596	0.00022013421403244138	0.0014513147762045264	0.00043731043115258217	0.0011383801465854049	0.0013173955958336592	0.0009906324557960033	0.001756472745910287	0.000621641636826098	0.0006997595191933215	0.00026439334033057094	0.0017952079651877284	0.0031062120106071234	0.0034670066088438034	0.0008324962109327316	0.003494568634778261	nan	nan	0.004259041510522366	0.006173826288431883	0.012730934657156467	0.025415223091840744	nan	nan	nan	nan	nan	nan	nan	nan	nan	nan	nan	nan	nan	nan	nan	nan	nan	nan	nan	nan	nan	nan	nan	nan	nan	nan	nan	nan	nan	nan	nan	nan	nan	nan	nan	nan	nan	nan	nan	nan	nan	nan	nan	nan	nan	nan	nan	nan
nan	nan	nan	nan	0.039858315140008926	0.005170217249542475	0.00625091977417469	0.00891946442425251	0.031403105705976486	0.0058691599406301975	0.13967207074165344	0.07535199820995331	0.027771877124905586	0.07762197405099869	0.04066483676433563	0.010928535833954811	0.0010012205457314849	0.0010817889124155045	0.0024942660238593817	0.0003797815297730267	0.0004545869305729866	0.0003517935983836651	0.0002636025019455701	0.001140416832640767	0.0004805582866538316	5.607983621302992e-05	0.0014016585191711783	0.000863843597471714	0.0014963026624172926	0.0033043944276869297	0.004111526533961296	0.0031480074394494295	0.011352135799825191	nan	nan	0.012359320186078548	nan	0.008228463120758533	0.002166534075513482	nan	nan	nan	nan	nan	nan	nan	nan	nan	nan	nan	nan	nan	nan	nan	nan	nan	nan	nan	nan	nan	nan	nan	nan	nan	nan	nan	nan	nan	nan	nan	nan	nan	nan	nan	nan	nan	nan	nan	nan	nan	nan	nan	nan	nan	nan	nan	nan
nan	nan	nan	nan	0.010473464615643024	0.06805670261383057	0.002647071611136198	0.0018469326896592975	0.00016462078201584518	0.05174413323402405	0.08483882248401642	0.012754389084875584	0.3021879196166992	0.08384409546852112	0.01812734268605709	0.009135684929788113	0.12870104610919952	0.03383058309555054	0.007589241489768028	0.023245573043823242	0.009671787731349468	0.021033605560660362	0.009732160717248917	0.004493025131523609	0.0002583488239906728	0.0012268411228433251	0.0003118778404314071	0.001331388484686613	0.0010278749978169799	0.00511741079390049	0.0024725806433707476	0.007178835570812225	0.002830749610438943	0.0008425407577306032	0.00676087848842144	0.01282509509474039	0.014275968074798584	0.013866111636161804	nan	nan	nan	nan	nan	nan	nan	nan	nan	nan	nan	nan	nan	nan	nan	nan	nan	nan	nan	nan	nan	nan	nan	nan	nan	nan	nan	nan	nan	nan	nan	nan	nan	nan	nan	nan	nan	nan	nan	nan	nan	nan	nan	nan	nan	nan	nan	nan	nan
nan	nan	nan	0.01394478976726532	0.02086615562438965	0.04892050474882126	0.40871956944465637	0.11436678469181061	0.07661116123199463	0.0955987498164177	0.05711596459150314	0.041143763810396194	0.4298524260520935	0.051099494099617004	0.01589810848236084	0.08103977143764496	0.017600415274500847	0.036645326763391495	0.023963144049048424	0.020416881889104843	0.03357116878032684	0.006318198051303625	0.014203785918653011	0.027908483520150185	0.004363937769085169	0.0003188732953276485	0.0009322113473899662	0.00018281908705830574	0.00047600126708857715	0.0016871585976332426	0.002191192703321576	0.004485358018428087	0.01034914143383503	0.003411481622606516	0.021324021741747856	0.012677811086177826	nan	0.0030543110333383083	0.023741746321320534	nan	nan	nan	nan	nan	nan	nan	nan	nan	nan	nan	nan	nan	nan	nan	nan	nan	nan	nan	nan	nan	nan	nan	nan	nan	nan	nan	nan	nan	nan	nan	nan	nan	nan	nan	nan	nan	nan	nan	nan	nan	nan	nan	nan	nan	nan	nan	nan
nan	nan	nan	0.01514771394431591	0.35868000984191895	0.40323564410209656	0.21467067301273346	0.04337521269917488	0.3354169726371765	0.021388167515397072	0.10444112122058868	0.0017085960134863853	0.008567677810788155	0.05903981998562813	0.02205158770084381	0.0900687575340271	0.10036078095436096	0.03270493447780609	0.0056454893201589584	0.04947897419333458	0.02143258973956108	0.006107280030846596	0.004179975017905235	0.03204450011253357	0.000292334210826084	0.00015575972793158144	0.0005147585761733353	0.00014385573740582913	0.00010073426528833807	0.009936517104506493	0.0009586721425876021	0.0008313193684443831	0.005873117595911026	0.005696662236005068	0.005690070800483227	0.04574156552553177	0.007534305099397898	0.0023989493492990732	0.008098873309791088	nan	nan	nan	nan	nan	nan	nan	nan	nan	nan	nan	nan	nan	nan	nan	nan	nan	nan	nan	nan	nan	nan	nan	nan	nan	nan	nan	nan	nan	nan	nan	nan	nan	nan	nan	nan	nan	nan	nan	nan	nan	nan	nan	nan	nan	nan	nan	nan
nan	nan	nan	0.008335163816809654	0.22229494154453278	0.5132815837860107	0.04803735762834549	0.08399754762649536	0.9335541129112244	0.9971790313720703	0.9423179030418396	0.6570621132850647	0.00493877986446023	0.012529796920716763	0.051102884113788605	0.26109778881073	0.023055847734212875	0.09328700602054596	0.011139128357172012	0.03875439986586571	0.10552559047937393	nan	0.09107855707406998	0.028039446100592613	0.028154274448752403	0.03150908276438713	0.07930180430412292	nan	nan	0.002630392787978053	0.0006177388713695109	0.012538300827145576	0.0644042044878006	0.011183440685272217	nan	nan	0.008122691884636879	0.00025891821132972836	0.0014785475796088576	nan	nan	0.004186029080301523	0.014355235733091831	nan	nan	nan	nan	nan	nan	nan	nan	nan	nan	nan	nan	nan	nan	nan	nan	nan	nan	nan	nan	nan	nan	nan	nan	nan	nan	nan	nan	nan	nan	nan	nan	nan	nan	nan	nan	nan	nan	nan	nan	nan	nan	nan	nan
nan	nan	nan	0.010508033446967602	0.18014945089817047	0.041873667389154434	0.06599591672420502	0.4143728017807007	0.9527959227561951	0.5731445550918579	0.07369724661111832	0.9146244525909424	0.047955457121133804	0.07860889285802841	0.04852215200662613	0.08907411992549896	0.5860286951065063	0.11060818284749985	0.033005040138959885	0.03713015094399452	nan	nan	nan	nan	nan	nan	nan	nan	0.004915471188724041	0.03537533059716225	0.0036533039528876543	0.002330501563847065	0.00029564410215243697	0.0006297447835095227	0.003997590858489275	0.0013306024484336376	nan	0.0018411839846521616	0.015261894091963768	nan	0.0032171846833080053	0.0006753946654498577	0.001439303276129067	0.0011829151771962643	nan	nan	nan	nan	nan	nan	nan	nan	nan	nan	nan	nan	nan	nan	nan	nan	nan	nan	nan	nan	nan	nan	nan	nan	nan	nan	nan	nan	nan	nan	nan	nan	nan	nan	nan	nan	nan	nan	nan	nan	nan	nan	nan
nan	nan	0.003354070009663701	0.004541116766631603	0.18036946654319763	0.6441631317138672	0.8645563721656799	0.4075171947479248	0.9097881317138672	0.7447399497032166	0.0456329770386219	0.02871842309832573	0.08568178117275238	0.09682060778141022	0.0027763654943555593	0.014956552535295486	0.011853987351059914	0.26808997988700867	0.017490699887275696	0.01769314333796501	nan	nan	nan	nan	nan	nan	nan	nan	0.0024701496586203575	0.0881231278181076	0.05989281088113785	0.012749318033456802	0.007738822139799595	0.001344717456959188	0.011154338717460632	nan	0.006513806991279125	0.00023158879776019603	0.00508935796096921	0.0008442428661510348	0.003616492496803403	0.018083585426211357	0.003425299422815442	0.005219288635998964	0.00025868526427075267	0.0002544078161008656	nan	nan	nan	nan	nan	nan	nan	nan	nan	nan	nan	nan	nan	nan	nan	nan	nan	nan	nan	nan	nan	nan	nan	nan	nan	nan	nan	nan	nan	nan	nan	nan	nan	nan	nan	nan	nan	nan	nan	nan	nan
nan	nan	0.0035971759352833033	0.0036638269666582346	0.022208819165825844	0.15048009157180786	0.7685586214065552	0.09147088974714279	0.4393111765384674	0.05019669234752655	0.13361863791942596	0.023812007158994675	0.001106645562686026	0.10368501394987106	0.09105439484119415	0.0036216077860444784	0.009794441983103752	0.002303340705111623	0.0007406157092191279	0.00042567431228235364	0.002187240868806839	nan	nan	nan	nan	nan	nan	nan	nan	nan	nan	nan	nan	nan	0.00086898886365816	0.0011271166149526834	0.0009343855199404061	0.00017461241804994643	0.0004133824841119349	0.00012096746650058776	5.1199414883740246e-05	0.004198624286800623	0.012433324940502644	0.0005069001344963908	0.00010701269638957456	0.0017575216479599476	0.002900806488469243	nan	nan	nan	nan	nan	nan	nan	nan	0.1860564947128296	nan	nan	0.09090907871723175	nan	nan	nan	nan	nan	nan	nan	nan	nan	nan	nan	nan	nan	nan	nan	nan	nan	nan	nan	nan	nan	nan	nan	nan	nan	nan	nan	nan
nan	nan	0.0007527320994995534	0.0023914920166134834	0.0017847914714366198	0.7597349882125854	0.6776212453842163	0.887752890586853	0.06015825644135475	0.193350151181221	0.23628604412078857	0.04344535991549492	0.0057790325954556465	0.049422670155763626	0.006163501646369696	0.001449648872949183	0.015626419335603714	0.04206838086247444	0.05338615924119949	0.055353350937366486	0.05820680782198906	0.002244031522423029	0.010591564700007439	0.01971041038632393	nan	nan	nan	nan	nan	nan	nan	nan	nan	nan	0.0003014224930666387	0.0006657448248006403	0.0022283601574599743	0.00023611850338056684	0.0004808428348042071	0.0005476637743413448	0.000221557667828165	0.0008738837786950171	0.002540790708735585	0.0015868812333792448	0.00042261945782229304	0.00023344102373812348	0.0012266880366951227	0.00017773614672478288	0.000631319300737232	nan	nan	nan	nan	nan	nan	0.055665239691734314	nan	nan	nan	0.21299196779727936	0.0141973365098238	nan	nan	nan	nan	nan	nan	nan	nan	nan	nan	nan	nan	nan	nan	nan	nan	nan	nan	nan	nan	nan	nan	nan	nan	nan	nan
nan	nan	nan	0.004385021515190601	nan	nan	0.32079973816871643	0.46094807982444763	0.08588888496160507	0.5733328461647034	0.050334665924310684	0.05571158975362778	0.03695579990744591	0.04544135555624962	0.052497703582048416	0.0042352257296442986	0.001958860084414482	0.01174146868288517	0.002304669236764312	0.01071055419743061	0.002562114503234625	0.0034409137442708015	0.004720136523246765	0.013444948010146618	0.03225797414779663	nan	nan	nan	nan	nan	nan	nan	nan	0.0015923657920211554	0.0006303936243057251	0.0016101504443213344	0.0012174706207588315	0.0012227357365190983	0.0013548233546316624	0.0008070082985796034	0.0001371643302263692	0.0007723784656263888	0.0002507187891751528	0.0022278311662375927	0.0011465761344879866	0.0007480828207917511	0.00025699834804981947	0.0001989073643926531	0.0005893267807550728	0.0037199831567704678	nan	nan	nan	nan	nan	nan	nan	0.6469962000846863	nan	0.16036255657672882	0.105839304625988	0.12660479545593262	0.032554302364587784	nan	nan	nan	nan	nan	nan	nan	nan	nan	nan	nan	nan	nan	nan	nan	nan	nan	nan	nan	nan	nan	nan	nan	nan
nan	nan	nan	nan	nan	nan	0.06277303397655487	0.16540002822875977	0.34924280643463135	0.9404035806655884	0.007854677736759186	0.06450335681438446	0.006972251459956169	0.02668657712638378	0.012137824669480324	0.06863070279359818	0.18605637550354004	0.20508688688278198	0.003227677894756198	0.004230918828397989	0.009782591834664345	0.003373002167791128	0.00032200582791119814	0.00012081495515303686	0.001573357149027288	0.008454537019133568	nan	nan	nan	nan	nan	nan	nan	0.03167299926280975	0.0005965078598819673	0.00046910636592656374	0.0024693580344319344	0.004523995332419872	0.0016478184843435884	0.0007859616889618337	0.00025378711870871484	0.0011471901088953018	0.0038967393338680267	0.0007393354899249971	0.0025182205718010664	0.0035085680428892374	0.00024566490901634097	0.0003625540994107723	0.0010818904265761375	0.00018005393212661147	0.0007685759919695556	nan	nan	nan	nan	nan	nan	nan	0.5559099912643433	0.011676010675728321	0.45630520582199097	0.46925023198127747	0.20438671112060547	0.20822376012802124	nan	nan	0.022779304534196854	nan	0.002340396400541067	nan	nan	nan	nan	nan	nan	nan	nan	nan	nan	nan	nan	nan	nan	nan	nan	nan	nan
nan	nan	nan	nan	nan	nan	nan	0.14432156085968018	0.4828964173793793	0.30198854207992554	0.9019129872322083	0.008258398622274399	0.42973044514656067	0.014317299239337444	0.03803732618689537	0.008087060414254665	0.02846512943506241	0.021450970321893692	0.07681988924741745	0.004666395951062441	0.05179588124155998	0.013302139937877655	0.0008183920872397721	0.00015860944404266775	0.00019372362294234335	0.10395056754350662	0.0006366136367432773	nan	nan	nan	nan	nan	0.0017780520720407367	0.031055454164743423	0.037939634174108505	0.04185278341174126	0.02963096648454666	0.10421314835548401	0.007630635984241962	0.005279976408928633	0.006971684284508228	0.009559995494782925	0.0012032968224957585	0.0005122747970744967	0.004400182049721479	0.058692000806331635	0.0014213286340236664	0.0007527658017352223	0.003232329385355115	0.0004610706528183073	0.0007578506483696401	0.03785395994782448	nan	nan	nan	nan	nan	nan	nan	nan	0.11943899840116501	nan	nan	0.23320317268371582	0.041846588253974915	0.013386284932494164	0.010663577355444431	nan	nan	0.0012756013311445713	0.0032944586127996445	nan	nan	nan	nan	nan	nan	nan	nan	nan	nan	nan	nan	nan	nan	nan	nan
nan	nan	nan	0.015659451484680176	0.03033231571316719	0.01812095381319523	0.016236159950494766	0.277570515871048	0.47384175658226013	0.16502270102500916	0.3269203305244446	0.2296372354030609	0.6355392932891846	0.26920536160469055	0.20680515468120575	0.12654723227024078	0.2772841155529022	0.07024677842855453	0.15674051642417908	0.005563085898756981	0.056698866188526154	0.002075812080875039	0.0007841820479370654	0.014697915874421597	0.01151613611727953	0.0015421300195157528	0.005680585280060768	0.006861947942525148	nan	nan	0.0013644080609083176	0.002680185018107295	0.004450158216059208	0.0019356891280040145	0.0004710892681032419	0.0003402777947485447	0.0004727845953311771	0.0005167698254808784	0.014160705730319023	0.01163618452847004	0.05676548555493355	0.0006271522142924368	0.007409074809402227	0.0006663999520242214	0.0017520972760394216	0.1142091378569603	0.0017152318032458425	0.001494996133260429	0.00023220613365992904	0.00046282782568596303	3.345241566421464e-05	0.003270466346293688	0.009124821983277798	nan	nan	nan	nan	nan	nan	nan	nan	nan	0.18628518283367157	0.160057932138443	0.005295370705425739	0.013425720855593681	0.42491859197616577	0.024752048775553703	0.05435241386294365	nan	0.006246910896152258	nan	nan	nan	nan	nan	nan	nan	nan	nan	nan	nan	nan	nan	nan	nan	nan
nan	nan	nan	0.034561268985271454	0.05868411064147949	0.37853944301605225	0.06618241965770721	0.10233674943447113	0.1097048670053482	0.13679532706737518	0.27911850810050964	0.08134839683771133	0.07996292412281036	0.20284637808799744	0.4262744188308716	0.3952808082103729	0.005857383832335472	0.01597154326736927	0.009980478323996067	0.029702840372920036	0.0036589456722140312	0.011593629606068134	0.0023324424400925636	0.001941243070177734	0.002150436630472541	0.001085435040295124	0.004482286982238293	0.14132949709892273	0.0324426107108593	0.004393076989799738	0.004739960189908743	0.019081417471170425	0.0022431849502027035	0.000598387501668185	0.0010633578058332205	0.0016962479567155242	0.0012746272841468453	0.0002154771937057376	0.0002371441078139469	0.004568592179566622	0.0031100150663405657	0.05003490671515465	0.0025207744911313057	0.0011278156889602542	0.007727061863988638	0.11889638751745224	0.008131235837936401	0.0010663358261808753	0.003716434817761183	0.0016409594099968672	0.002162409480661154	0.0007635484216734767	0.011575546115636826	0.012462516315281391	0.022514205425977707	0.3145748972892761	nan	nan	nan	nan	nan	0.009803228080272675	0.005082833580672741	0.002644890919327736	0.0031359281856566668	0.15673016011714935	nan	nan	nan	0.00010385202767793089	0.03584251552820206	nan	nan	nan	nan	nan	nan	nan	nan	nan	nan	nan	nan	nan	nan	nan	nan
nan	nan	nan	0.09021420031785965	0.0764164999127388	0.08999930322170258	0.12915177643299103	0.14398345351219177	0.11337145417928696	0.33039742708206177	0.08558722585439682	0.31014779210090637	0.007569736335426569	0.14323963224887848	0.04628821834921837	0.46807992458343506	0.13936109840869904	0.005793697666376829	0.0017671390669420362	0.007282545790076256	0.04798389971256256	0.0011666835052892566	0.00086054956773296	0.00034167608828283846	0.0010269362246617675	0.021516425535082817	0.0023194090463221073	0.00473485654219985	0.031221460551023483	0.0023654846008867025	0.009907259605824947	0.0027759098447859287	0.02704038843512535	0.00034893874544650316	0.00010859525355044752	0.0002951149072032422	0.0006131504196673632	0.00015631288988515735	0.0011576595716178417	0.0006472748355008662	0.00027893477817997336	0.008426162414252758	0.0026799864135682583	0.01785586215555668	0.0035281747113913298	0.03318873420357704	0.053122032433748245	0.0013370539527386427	0.04022584483027458	0.00015470257494598627	0.0018751133466139436	0.010620927438139915	0.0008342424989677966	0.003244954627007246	0.030757691711187363	0.00108812574762851	0.00030300431535579264	0.0031246584840118885	nan	nan	0.0008384034736081958	0.0030426885932683945	0.0042738900519907475	0.0007992755272425711	0.17439214885234833	nan	nan	nan	nan	nan	nan	nan	nan	nan	nan	nan	nan	nan	nan	nan	nan	nan	nan	nan	nan	nan	nan
nan	nan	nan	nan	0.013272245414555073	0.006093766074627638	0.08310078084468842	0.06406570225954056	0.38384920358657837	0.2020595669746399	0.08251871913671494	0.1728280484676361	0.016912629827857018	0.5460872054100037	0.03058398887515068	0.04601770639419556	0.07892339676618576	0.08148881047964096	0.5608892440795898	0.028206495568156242	0.010012119077146053	0.0037026838399469852	0.0002622086030896753	0.004184206482023001	0.008146503008902073	0.0424371138215065	0.021067466586828232	0.003459579311311245	0.003641783492639661	0.002326298039406538	0.006600212771445513	0.0006725982530042529	0.000517651962582022	0.00028994903550483286	0.002875828417018056	0.0007093161693774164	0.0013879514299333096	0.0044197989627718925	0.004859047010540962	0.000717423390597105	0.004087947774678469	0.00947258248925209	0.029031893238425255	0.0006567260716110468	0.0019704613368958235	0.0012222332879900932	0.01619395799934864	0.0005206288769841194	0.000698959338478744	0.002422542544081807	0.0008121522259898484	0.0063745793886482716	0.0005485942820087075	0.0002755151654127985	0.0006694789626635611	0.002533984137699008	0.0010895183077082038	0.00021476257825270295	0.00016819538723211735	0.03716673702001572	0.0023643956519663334	0.07310134172439575	0.017482968047261238	0.0003348428290337324	nan	nan	nan	nan	nan	nan	nan	nan	nan	nan	nan	nan	nan	nan	nan	nan	nan	nan	nan	nan	nan	nan	nan
nan	nan	nan	nan	nan	0.0014650012599304318	0.020115436986088753	0.008072958327829838	0.08540687710046768	0.24523183703422546	0.37540972232818604	0.022993894293904305	0.12148765474557877	0.04192548617720604	0.0073768505826592445	0.14468447864055634	0.7044707536697388	0.7172893285751343	0.10715828835964203	0.7466052770614624	0.10492479056119919	0.07010714709758759	0.0019418465672060847	0.0368807278573513	0.00871315598487854	0.04136951267719269	0.025133535265922546	0.003288951935246587	0.0007158010848797858	0.0023490788880735636	0.0032009189017117023	0.020096713677048683	0.0006793464417569339	0.0009652958833612502	0.003760501742362976	0.0005050835316069424	0.000574940990190953	0.0036233996506780386	0.002455028472468257	0.00043685483979061246	0.0006337569211609662	0.005193751771003008	0.006511721294373274	0.0023886042181402445	0.0025417639408260584	0.0011430629529058933	0.005382063332945108	0.004136002156883478	0.0013984957477077842	0.0032317612785845995	0.00492923753336072	0.0075851911678910255	0.012481249868869781	0.0014322195202112198	0.0026565706357359886	0.0009326408617198467	0.0011774561135098338	0.0006515311542898417	0.0017395894974470139	0.014592180959880352	0.001221942249685526	0.006527726072818041	0.07169555872678757	0.04071897268295288	nan	nan	nan	nan	nan	nan	nan	nan	nan	nan	nan	nan	nan	nan	nan	nan	nan	nan	nan	nan	nan	nan	nan
nan	nan	nan	nan	nan	0.0070363194681704044	0.002593050478026271	0.031802788376808167	0.008332094177603722	0.13317543268203735	0.1161201149225235	0.363532155752182	0.20495471358299255	0.25021812319755554	0.6288116574287415	0.7992807626724243	0.8641008138656616	0.36529669165611267	0.10925490409135818	0.009982957504689693	0.10520438849925995	0.01295518223196268	0.06804221868515015	0.11502538621425629	0.10518326610326767	0.2082930952310562	0.004388459492474794	0.0006350692710839212	0.0013759381836280227	0.024554725736379623	0.011125102639198303	0.0028770919889211655	0.002528612269088626	0.007397073321044445	0.0004607765004038811	0.00031805472099222243	0.00043787798495031893	0.00031037486041896045	5.238218363956548e-05	0.00040535887819714844	0.0008623074390925467	0.004206574056297541	0.030260533094406128	6.369999027810991e-05	0.11439622938632965	0.0029198064003139734	0.000832664780318737	0.0015823857393115759	0.030486490577459335	0.000909447087906301	0.0008444403065368533	0.0008987717446871102	0.001417958177626133	0.002028393791988492	0.00010360001033404842	0.0005474654026329517	0.0005442944238893688	0.00024402496637776494	0.00016003257769625634	0.0022270691115409136	0.005223987624049187	0.011763809248805046	0.016547659412026405	0.06847459822893143	nan	nan	nan	nan	nan	nan	nan	nan	nan	0.1007375419139862	0.0389498807489872	0.011931436136364937	0.13522778451442719	nan	nan	nan	nan	nan	nan	nan	nan	nan	nan
nan	nan	nan	nan	nan	0.005872881505638361	0.06821980327367783	0.037475477904081345	0.023237237706780434	0.01700766384601593	0.03195270523428917	0.1355936974287033	0.12692378461360931	0.5388696193695068	0.034246768802404404	0.28684937953948975	0.6961150765419006	0.7416110038757324	0.068898506462574	0.15013344585895538	0.01077540498226881	0.05027220770716667	0.1594965010881424	0.27542752027511597	0.018758028745651245	0.01953544095158577	0.007180436514317989	0.07046505808830261	0.010266843251883984	0.041149381548166275	0.004217686131596565	0.0008169560460373759	0.0005009111482650042	4.051548239658587e-05	0.0005967706092633307	0.0001576335052959621	0.0004343384935054928	0.00018332496983930469	0.0007637874223291874	0.00010931828728644177	0.008080671541392803	0.043252769857645035	0.004735227208584547	0.0002839364460669458	0.003745982889086008	0.00853064376860857	0.0008843993418850005	0.0014094817452132702	0.007734897546470165	0.0060741412453353405	0.024690570309758186	0.0021349885500967503	0.0031649258453398943	0.0030746841803193092	0.000188365564099513	0.0020537825766950846	0.0020153603982180357	0.0011170741636306047	0.0016774132382124662	0.016231819987297058	0.011862970888614655	0.03909485787153244	0.02525862120091915	0.001026018988341093	0.005337592214345932	0.1011953130364418	0.04605588689446449	nan	nan	nan	nan	0.07961906492710114	0.008310267701745033	0.003872981993481517	0.06101268529891968	0.09287682175636292	0.006786462385207415	0.018498249351978302	nan	nan	nan	nan	nan	nan	nan	nan	nan
nan	nan	nan	nan	nan	nan	nan	0.006496835965663195	0.03318342566490173	0.09382054954767227	nan	0.741144061088562	0.9705199003219604	0.6337767839431763	0.63960862159729	0.4598291516304016	0.1314460039138794	0.3327900767326355	0.16694751381874084	0.28312626481056213	0.03942833095788956	0.3557429611682892	0.07506626099348068	0.011521282605826855	0.001109628239646554	0.029197990894317627	0.25851649045944214	0.0955757275223732	0.059289269149303436	0.014742957428097725	0.06838324666023254	0.0015467877965420485	0.0003183532098773867	0.00020841279183514416	0.004221833776682615	0.0027083775494247675	0.00016463066276628524	0.0002238462184322998	0.00024082903109956533	0.0002378315693931654	0.00024300545919686556	0.002931217197328806	0.0031923677306622267	0.001945608644746244	0.0027272135484963655	0.0012072247918695211	0.00021634345466736704	0.007936455309391022	0.021628189831972122	0.034256793558597565	0.006311714183539152	0.0945323258638382	0.002723077079281211	0.0021088668145239353	0.000846199516672641	0.000545026152394712	0.0011060950346291065	0.0002085813757730648	0.009034390561282635	0.11717229336500168	0.008189048618078232	0.08189553022384644	0.017775336280465126	0.005784297827631235	0.0006870964425615966	0.006035550031810999	0.008212221786379814	0.008091632276773453	0.0042645675130188465	0.008328745141625404	0.00858828704804182	0.005494923796504736	0.005382440518587828	0.005710524041205645	0.006957069039344788	0.0002773632586468011	0.0026444836985319853	0.005709067918360233	0.002906399080529809	0.00645397650077939	nan	nan	nan	nan	nan	nan	nan
nan	nan	nan	nan	nan	nan	nan	0.03460210934281349	0.00703999912366271	nan	0.7703167200088501	0.7167878746986389	0.5586953163146973	0.8041568994522095	0.2788207530975342	0.48592761158943176	0.13190104067325592	0.740300178527832	0.0704389214515686	0.1738562136888504	0.029530571773648262	0.2781921327114105	0.021027199923992157	0.04529643803834915	0.031492944806814194	0.34377846121788025	0.10305732488632202	0.540391743183136	0.304617315530777	0.16694745421409607	0.0337655246257782	0.002798251109197736	0.006153817288577557	0.0008253825944848359	0.004765071906149387	0.00024455622769892216	0.0006469772779382765	0.0003829167108051479	0.0008835205808281898	0.009537617675960064	0.00027226985548622906	0.0020777995232492685	0.0019527076510712504	0.001640998525545001	0.011071096174418926	0.0028017766308039427	0.0018558837473392487	0.009373841807246208	0.1402255743741989	0.007769265677779913	0.008540098555386066	0.02805536799132824	0.00231469445861876	0.004110700450837612	0.03704490512609482	0.005383661016821861	0.0006887183408252895	0.0004076574696227908	0.0029372398275882006	0.010729573667049408	0.012782043777406216	0.0030056661926209927	0.012789580039680004	0.0035270650405436754	0.005015883129090071	0.006946028210222721	0.0011509362375363708	0.035182930529117584	0.029776910319924355	0.041657984256744385	0.007946879602968693	0.012190859764814377	0.0012540246825665236	0.018046190962195396	0.0016938805347308517	0.0007730777142569423	3.2692914828658104e-05	0.0020701605826616287	0.002035105600953102	0.00890971627086401	0.001472813542932272	nan	nan	nan	nan	nan	nan
nan	nan	nan	nan	nan	nan	nan	0.0038712327368557453	nan	0.6028331518173218	0.798123300075531	0.26154717803001404	0.46792545914649963	0.7134377360343933	0.11384280025959015	0.5791935324668884	0.8154860138893127	0.2732451260089874	0.6342488527297974	0.010127839632332325	0.07087597995996475	0.021503310650587082	0.07065446674823761	0.0449962392449379	nan	nan	nan	0.19172906875610352	nan	0.5138525366783142	0.028977246955037117	0.016903148964047432	0.002123801736161113	0.0005985546740703285	0.007548633497208357	0.0013263487489894032	0.0003181842330377549	0.00045458885142579675	0.0022551408037543297	0.00368488603271544	0.01737062633037567	0.002016242826357484	0.0006630031275562942	0.00013326844782568514	0.0014334078878164291	0.00182810565456748	0.003374470630660653	0.0017332538263872266	0.0618453249335289	0.12634672224521637	0.003165199887007475	0.012668414041399956	0.004667231347411871	nan	nan	nan	nan	nan	0.018027015030384064	0.0006021991139277816	0.004602034576237202	0.003889812156558037	0.0014572329819202423	0.03262115642428398	0.0511879026889801	0.0029091406613588333	0.006527707912027836	0.019273778423666954	0.008336827158927917	0.06009068712592125	0.0009232663433067501	0.004149791318923235	0.020535392686724663	0.0012446957407519221	0.0009897240670397878	7.68492536735721e-05	0.00010892516002058983	0.0013744817115366459	0.04144599288702011	0.026661990210413933	0.00048295792657881975	0.0012448125053197145	0.015599045902490616	nan	nan	nan	nan
nan	nan	nan	nan	nan	nan	0.17967630922794342	0.06688820570707321	nan	0.5243687033653259	0.5318037867546082	0.9207319021224976	0.7808499932289124	0.729574978351593	0.4886346459388733	0.7054688930511475	0.5728552341461182	0.48154592514038086	0.2709040343761444	0.15755236148834229	0.16988621652126312	0.04976925253868103	nan	nan	nan	nan	nan	nan	nan	0.14973269402980804	0.027442041784524918	nan	0.00019732477085199207	0.003918114583939314	0.0016064997762441635	0.03842880204319954	0.004148207139223814	0.022552013397216797	0.013496587052941322	0.023326201364398003	0.02394249476492405	0.012609408237040043	0.001892958185635507	0.004651064518839121	0.03475625440478325	0.0015245520044118166	0.002125561935827136	0.004780539311468601	0.007741253823041916	0.008578183129429817	0.011789025738835335	0.0094291428104043	0.14576421678066254	nan	nan	nan	nan	nan	nan	0.006077513564378023	0.0007688616751693189	0.000990279600955546	0.001346584758721292	0.0345870777964592	0.010193531401455402	0.041137829422950745	0.001276562106795609	0.050656381994485855	0.045974258333444595	0.003461922751739621	0.010828393511474133	0.002902157371863723	0.012447982095181942	0.0006381252896972001	0.0009249616996385157	0.004094862844794989	0.0007801589672453701	0.00253816950134933	0.0157211571931839	0.0015553944977000356	0.007822266779839993	0.00670860568061471	0.0020198558922857046	0.010716244578361511	nan	nan	nan
nan	nan	nan	nan	nan	nan	0.017233705148100853	0.23449090123176575	0.5281761288642883	0.19706466794013977	0.030815759673714638	0.2709987759590149	0.4913867115974426	0.7101306915283203	0.559135913848877	0.2700592577457428	0.07124857604503632	0.1357908993959427	0.3638541102409363	0.5718933343887329	0.09127794951200485	0.29896238446235657	0.040409915149211884	nan	nan	nan	nan	nan	nan	nan	0.10285050421953201	nan	nan	nan	0.010099870152771473	0.006336900871247053	0.0035265786573290825	0.006519265007227659	0.002299156505614519	0.0018132618861272931	0.006703871767967939	0.0012657697079703212	0.0032764796633273363	0.002485580276697874	0.0006774682551622391	0.0006696733180433512	0.00044333256664685905	0.0008859584922902286	0.01147328969091177	0.017769575119018555	0.005027378909289837	0.004703389946371317	0.04814920201897621	nan	nan	nan	nan	nan	nan	0.007376508321613073	0.0001634004875086248	6.879330612719059e-05	0.0001599642273504287	0.0038670424837619066	0.010631153360009193	0.00954809132963419	0.029193971306085587	0.008191357366740704	0.004241778515279293	0.019789010286331177	0.018737608566880226	0.0017064264975488186	0.0025376048870384693	0.000524702132679522	0.0008182575111277401	0.0008306166855618358	0.0008237698348239064	0.0026125817093998194	0.004910944029688835	0.007293754257261753	0.002724817954003811	0.007953525520861149	0.009782563894987106	0.03026312217116356	nan	nan	nan
nan	nan	nan	nan	nan	nan	0.03975493833422661	0.17035800218582153	0.02160390093922615	0.00630125543102622	0.028871266171336174	0.9748456478118896	0.0244086142629385	0.20163178443908691	0.7432174682617188	0.13607308268547058	0.029031500220298767	nan	nan	nan	0.22860635817050934	0.270794540643692	nan	nan	nan	nan	nan	0.9570425152778625	nan	nan	nan	nan	nan	nan	nan	8.09115226729773e-05	0.0017276155995205045	0.0010542997624725103	0.07959945499897003	0.002391762798652053	0.005577076692134142	0.002313210628926754	0.006173978094011545	0.0012601952766999602	0.0003850886132568121	0.01275718118995428	0.00219348119571805	0.0005690091056749225	0.0008982366416603327	0.0017063998384401202	0.00428648991510272	0.008241661824285984	0.020849863067269325	nan	nan	nan	nan	nan	nan	0.002159008290618658	0.006079533137381077	0.0019936973694711924	0.0001769895025063306	0.0026623846497386694	0.011977259069681168	0.002309683943167329	0.003962213639169931	0.0021933934185653925	0.038282085210084915	0.004572486039251089	0.000730526284314692	0.00040135823655873537	0.00029051711317151785	0.0014827153645455837	0.0025993352755904198	0.003316369839012623	0.001691446523182094	0.004217393696308136	0.001841347781009972	0.0013384140329435468	0.0015199568588286638	0.024671893566846848	0.016687793657183647	0.03287629410624504	nan	nan	nan
nan	nan	nan	nan	nan	nan	nan	0.03229689970612526	0.03797497600317001	0.007846866734325886	0.1004854068160057	0.11980089545249939	0.007271928247064352	0.40944892168045044	0.26835834980010986	0.2622683346271515	0.2574339210987091	0.18719157576560974	nan	nan	nan	nan	nan	nan	nan	nan	nan	nan	nan	nan	nan	nan	nan	nan	nan	nan	nan	0.0005607474013231695	0.014341316185891628	0.001243106322363019	0.00730881979689002	0.0025420705787837505	0.005144953262060881	0.003210010239854455	0.01716347225010395	0.06691079586744308	0.002289960626512766	0.00247886567376554	0.00155816285405308	0.001487650559283793	0.0012994064018130302	0.0004256877291481942	0.008925603702664375	nan	nan	nan	nan	nan	nan	0.006391981150954962	0.0007022203062660992	7.746914343442768e-05	0.002694532973691821	0.009726500138640404	0.005157988052815199	0.004577632527798414	0.026381954550743103	0.02057691477239132	0.03908761963248253	0.007073906250298023	0.00025658804224804044	9.119600872509181e-05	0.002962823025882244	0.001283436780795455	0.02627026103436947	0.0014901387039572	0.0027518689166754484	0.011437574401497841	0.001727425609715283	0.02089754492044449	0.02131013385951519	0.011339759454131126	0.08508273214101791	nan	nan	nan	nan
nan	nan	nan	nan	nan	nan	0.08943285793066025	0.030006973072886467	0.03866385295987129	0.08897960931062698	0.01063398364931345	0.07002264261245728	0.008725668303668499	0.003308621235191822	0.07278136163949966	0.08211327344179153	0.2183942347764969	0.050042349845170975	0.029171526432037354	0.13606272637844086	0.0761031061410904	0.2463553547859192	nan	nan	nan	nan	nan	nan	nan	nan	nan	nan	nan	0.009138417430222034	nan	nan	nan	0.0030325830448418856	0.004438608884811401	0.0005483579589053988	0.009459195658564568	0.004459864925593138	0.003038589144125581	0.013026607222855091	0.038330260664224625	0.007659768685698509	0.00396823650225997	0.0018191479612141848	0.0011470022145658731	0.007513020187616348	0.0008050462347455323	0.0124439038336277	nan	nan	nan	nan	nan	nan	nan	nan	4.008658288512379e-05	0.0006626456161029637	0.0009762094123288989	0.007263898849487305	0.0005357879563234746	0.013546803034842014	0.053544625639915466	0.002687235129997134	0.01852216199040413	0.0049123093485832214	0.0006340764812193811	0.00012655541650019586	0.0010704313172027469	0.0010502382647246122	0.0006532764527946711	0.0021534827537834644	0.0017663210164755583	0.0004930644645355642	0.004185188096016645	nan	nan	nan	nan	nan	nan	nan	nan
nan	nan	nan	nan	nan	nan	0.08152946829795837	0.040058307349681854	0.005581698380410671	0.04194117337465286	0.6007771492004395	0.005717140156775713	0.1339704990386963	0.06000145897269249	0.05924952030181885	0.20386932790279388	0.23701930046081543	0.03399359807372093	0.08261749148368835	0.04393559321761131	0.014046711847186089	0.01676534116268158	0.20833095908164978	nan	nan	nan	nan	nan	nan	0.021395476534962654	0.18457993865013123	0.004533690400421619	0.010766949504613876	nan	nan	0.043285198509693146	0.005317919887602329	0.011474479921162128	0.0030798246152698994	0.007426808588206768	0.0010182787664234638	0.001609695958904922	0.0007060576463118196	0.005434473976492882	0.003303027944639325	0.018242908641695976	0.10611642897129059	0.007147886790335178	0.005319618154317141	0.00793109554797411	nan	nan	nan	0.058794815093278885	nan	nan	nan	nan	nan	nan	0.001941665424965322	0.00035530171589925885	0.00839148461818695	0.03285539150238037	0.0015322479885071516	0.001114409533329308	0.004882189445197582	0.002993664238601923	0.02050417847931385	0.0033173237461596727	0.00011487146548461169	5.8830275520449504e-05	0.0003313307242933661	0.0007963174139149487	0.0006400826387107372	0.0022638547234237194	0.0018020655261352658	0.0014620785368606448	0.014680151827633381	0.03425541892647743	nan	nan	nan	nan	nan	nan	nan
nan	nan	nan	nan	nan	nan	0.006407890934497118	0.04105775058269501	0.006614139769226313	0.0018395651131868362	0.025607429444789886	0.06486115604639053	0.007769052870571613	0.04831407219171524	0.021804358810186386	0.021528998389840126	0.06962670385837555	0.04715941473841667	0.012958415783941746	0.015877457335591316	0.0552414171397686	0.060252606868743896	0.005807464011013508	0.09998401254415512	nan	nan	nan	nan	0.07051501423120499	0.055001772940158844	0.013197238557040691	0.005231816321611404	0.0059807333163917065	nan	0.0327082984149456	0.006124583538621664	0.006132564973086119	0.014252460561692715	0.004212260711938143	0.0006337988888844848	0.004138271324336529	0.0025635480415076017	0.004539470188319683	0.003501652739942074	0.011047106236219406	0.0242804903537035	0.008750399574637413	0.009139358066022396	0.07418283820152283	nan	0.0021901836153119802	0.0031819164287298918	0.0019640126265585423	0.025311268866062164	0.002002069726586342	0.02155468799173832	nan	nan	nan	nan	0.00932358205318451	0.00012226105900481343	0.008939990773797035	0.020337387919425964	0.0008451012545265257	0.00674780085682869	0.00859835371375084	0.0007784512708894908	0.002073798794299364	0.00374118285253644	0.0015229268465191126	0.000163940159836784	0.00037703680573031306	0.0009523550397716463	0.00036942175938747823	0.0006825610180385411	0.016206270083785057	nan	nan	nan	nan	nan	nan	nan	nan	nan	nan
nan	nan	nan	nan	nan	nan	0.43738794326782227	0.005847659427672625	0.002755549969151616	0.0015555485151708126	0.01638101413846016	0.006234189495444298	0.013216589577496052	0.01707359030842781	0.12692266702651978	0.030767230316996574	0.04277530312538147	0.045341670513153076	0.02058568224310875	0.0036350039299577475	0.014035100117325783	0.023209240287542343	0.003063552314415574	0.18647944927215576	0.2617560923099518	0.03871986269950867	nan	nan	nan	0.01357672642916441	0.016041351482272148	nan	nan	nan	0.03875473886728287	0.008012653328478336	0.014621631242334843	0.05765318125486374	0.04206293448805809	0.003202950581908226	0.001610196428373456	0.011327806860208511	0.005382675677537918	0.002352406969293952	0.002001836197450757	0.009821821004152298	0.05787808448076248	nan	nan	nan	0.00450498703867197	0.004804578609764576	0.008536586537957191	0.004154000896960497	0.0010625118156895041	0.002314615296199918	0.010138506069779396	nan	nan	nan	0.0014944302383810282	0.0004266045871190727	0.008835905231535435	0.0520562119781971	0.005477575585246086	0.004713637754321098	0.03218570724129677	0.014213770627975464	0.0027648622635751963	0.0003577827010303736	0.0002950662455987185	0.0006280496600084007	0.00037084147334098816	0.00025288714095950127	0.000675087736453861	0.027846036478877068	nan	nan	nan	nan	nan	nan	nan	nan	nan	nan	nan
nan	nan	nan	nan	nan	nan	nan	nan	0.005690337624400854	0.011489146389067173	0.0018917567795142531	0.0023526037111878395	0.003569347318261862	0.0364682674407959	0.002394795650616288	0.029352370649576187	0.02360023930668831	0.031762026250362396	0.0012283945688977838	0.002580213127657771	0.0017325495136901736	0.006574883125722408	0.003663335694000125	nan	nan	0.03881427273154259	0.28016334772109985	nan	0.09309080988168716	0.04696710407733917	nan	nan	nan	nan	nan	nan	0.030332272872328758	0.03792387247085571	0.006052238401025534	0.004035466350615025	0.008280666545033455	0.017083562910556793	0.101666159927845	0.0070901354774832726	0.07491140067577362	nan	nan	nan	0.01866013929247856	0.059305284172296524	0.004386595916002989	0.007564486935734749	0.002829915378242731	0.0006056385464034975	0.0002852888428606093	0.000873465440236032	0.001254026428796351	0.0576203390955925	nan	nan	0.0018694638274610043	0.001955742482095957	0.020497923716902733	0.04124976694583893	0.001992574194446206	0.005211555399000645	0.004814705811440945	0.0009672771557234228	0.0001280000142287463	0.0015060080913826823	0.00599035294726491	6.347889575408772e-05	0.00014848820865154266	0.0007809228263795376	0.04666071757674217	nan	nan	nan	nan	nan	nan	nan	nan	nan	nan	nan	nan
nan	nan	nan	nan	nan	nan	nan	nan	nan	nan	nan	nan	0.015274176374077797	0.004192137625068426	0.005629264283925295	0.0014235296985134482	0.00816869456321001	0.05661258473992348	0.0024448377080261707	0.0003805682063102722	0.0073679592460393906	0.0017315585864707828	0.0031678907107561827	0.06603338569402695	0.03631080687046051	0.002877201419323683	0.009962459094822407	0.09269772469997406	nan	nan	nan	nan	nan	nan	nan	nan	nan	nan	nan	nan	nan	nan	nan	nan	nan	nan	0.002538718981668353	0.0021525700576603413	0.0595928356051445	0.0022715977393090725	0.012959658168256283	0.002002270659431815	0.03640902414917946	0.0010656132362782955	0.0003925118362531066	0.000702896504662931	0.006382003892213106	0.012527129612863064	nan	nan	0.058717239648103714	0.002383464714512229	0.04017360508441925	0.010214683599770069	0.059316057711839676	0.0029182129073888063	0.03767625242471695	0.004129808396100998	4.5612629037350416e-05	0.001343845622614026	0.00023437167692463845	0.00010219767136732116	0.000573893659748137	0.024501312524080276	nan	nan	nan	nan	nan	nan	nan	nan	nan	nan	nan	nan	nan
nan	nan	nan	nan	nan	nan	0.06213398650288582	nan	nan	nan	nan	0.0033846707083284855	0.007083578500896692	0.0012261302908882499	0.025709912180900574	0.001518727163784206	0.01544972974807024	0.002779550151899457	0.010434240102767944	0.14806482195854187	0.0066679674200713634	0.0009455510298721492	0.024376993998885155	0.07934204488992691	0.07287409156560898	0.002792094834148884	0.003675710177049041	nan	nan	nan	nan	nan	nan	nan	0.01173364743590355	0.042974766343832016	nan	nan	nan	nan	nan	nan	nan	nan	nan	0.006532217375934124	0.0012108738301321864	0.00751226581633091	0.01668664440512657	0.002945840358734131	0.047490280121564865	0.010215522721409798	0.004612220451235771	0.11650095880031586	0.010371748358011246	0.012591183185577393	0.0035014899913221598	nan	nan	0.16144327819347382	0.0072663407772779465	0.023124417290091515	0.0019898032769560814	0.0008107442408800125	0.011681030504405499	0.00774687435477972	0.005196013953536749	0.0004372543771751225	0.0001428951945854351	0.0005452839541248977	0.0003685989649966359	0.0009154798462986946	0.0271005779504776	nan	nan	nan	nan	nan	nan	nan	nan	nan	nan	nan	nan	nan	nan
nan	nan	nan	nan	nan	nan	nan	nan	nan	nan	0.00144200527574867	0.0036008628085255623	0.004289763979613781	0.003994380123913288	0.0017484140116721392	0.022196397185325623	0.1916869431734085	0.07642737030982971	0.04871012270450592	0.0005654421402141452	0.0013934478629380465	0.1680128276348114	0.016879918053746223	0.02915748581290245	0.05763544887304306	0.0008183229947462678	nan	nan	nan	nan	nan	nan	nan	0.018005667254328728	0.007862860336899757	0.009105033241212368	0.014541605487465858	0.007776609621942043	nan	nan	nan	nan	nan	0.1431780755519867	0.03452451154589653	0.005250466521829367	0.0043077715672552586	0.0005182617460377514	0.003029267303645611	0.004463785793632269	0.01946377195417881	0.00262628891505301	0.017544174566864967	0.018017956987023354	nan	nan	nan	0.03700463846325874	0.08510974049568176	0.013759431429207325	0.004430306144058704	0.07706129550933838	0.15665516257286072	0.015928933396935463	0.002528113080188632	0.08136723935604095	0.0020098972599953413	0.008736316114664078	0.0009271958842873573	0.013802139088511467	0.0010073055746033788	0.016115572303533554	nan	nan	nan	nan	nan	nan	nan	nan	nan	nan	nan	nan	nan	nan	nan
nan	nan	nan	nan	nan	nan	nan	nan	nan	nan	0.009600561112165451	0.00743777584284544	0.007091760169714689	0.01557630393654108	0.004710764158517122	nan	nan	0.010049008764326572	0.0004950242000631988	0.004150719381868839	0.12117715924978256	0.006288662552833557	0.016388360410928726	0.013277935795485973	0.06198994442820549	0.1158934235572815	nan	nan	nan	nan	nan	nan	nan	0.0010275602107867599	0.2045128494501114	0.0038731771055608988	0.011239668354392052	0.013170412741601467	0.0007470647688023746	0.0004747578641399741	0.0034215885680168867	0.0027565511409193277	0.001790915965102613	0.0036157090216875076	0.003411541460081935	0.005782764870673418	0.007588659878820181	0.0009638697374612093	0.0004468523839022964	0.015941975638270378	0.009221142157912254	0.004379194229841232	0.009755929931998253	0.0003516467404551804	nan	0.00887840986251831	0.004198811482638121	0.0006182654178701341	0.016077464446425438	0.014904907904565334	0.020923057571053505	0.05326252803206444	nan	0.0217947605997324	0.009098428301513195	0.0032809237018227577	0.01038023829460144	0.0020294017158448696	0.0009822372812777758	0.024605508893728256	0.004977331962436438	nan	nan	nan	nan	nan	nan	nan	nan	nan	nan	nan	nan	nan	nan	nan	nan
nan	nan	nan	nan	nan	nan	nan	nan	nan	0.006035576108843088	0.0005064512370154262	0.001963842660188675	0.021565884351730347	0.09385645389556885	0.0023159084375947714	0.0072058942168951035	0.045075930655002594	0.007576516829431057	nan	nan	nan	nan	nan	0.09308537095785141	0.10273343324661255	nan	nan	nan	nan	0.0008862164104357362	nan	nan	0.0018073846586048603	0.6157257556915283	0.03487372770905495	0.09016741067171097	0.025065045803785324	0.004661389160901308	0.06440494954586029	0.0007832652190700173	0.00043883692706003785	0.0006761733093298972	0.005678616464138031	0.0027096120174974203	0.005637405440211296	0.029132753610610962	0.014872868545353413	0.29457932710647583	0.008990669623017311	0.029388535767793655	0.05339372530579567	0.009219670668244362	0.00416708504781127	0.0007579546072520316	0.0015779419336467981	0.0003190575516782701	0.001486069057136774	0.0010283284354954958	0.01684107631444931	0.0008047420997172594	0.00025046124937944114	0.09613173454999924	nan	nan	0.00266078719869256	0.0006434865645132959	9.957645670510828e-05	0.00012491228699218482	0.003183951135724783	0.005322083830833435	0.003479151288047433	0.12126446515321732	nan	nan	nan	nan	nan	nan	nan	nan	nan	nan	nan	nan	nan	nan	nan
nan	nan	nan	nan	nan	nan	nan	0.13052807748317719	0.011371097527444363	0.05997789278626442	0.02203236147761345	0.0013302179286256433	0.005292550660669804	0.01944820210337639	0.02134908363223076	0.00019117230840492994	nan	0.0027596820145845413	nan	nan	nan	nan	nan	nan	nan	nan	nan	nan	0.0005112371873110533	0.00910987053066492	nan	0.020861439406871796	0.8770238757133484	0.3119196593761444	0.03688066825270653	0.23018312454223633	0.017960919067263603	0.009335366077721119	0.030038362368941307	0.013146580196917057	0.0009566989610902965	0.0005848302389495075	0.0009344352874904871	0.039488162845373154	0.018240617588162422	0.10689403861761093	0.0618266761302948	0.30722150206565857	0.022949256002902985	0.014049280434846878	0.004398060031235218	0.0022196187637746334	0.002648554975166917	0.0027526491321623325	0.004714698530733585	0.002336687408387661	0.005037571303546429	0.004520678427070379	0.012081100605428219	0.3877776861190796	0.05300438404083252	0.14644983410835266	nan	nan	0.0006408151239156723	0.006424708291888237	0.0006184428348205984	0.003286870429292321	0.0020128819160163403	0.0009145208750851452	0.0013360305456444621	0.13273076713085175	nan	nan	nan	nan	nan	nan	nan	nan	nan	nan	nan	nan	nan	nan	nan
nan	nan	nan	nan	nan	nan	nan	nan	0.020405633375048637	0.00485327048227191	0.034811027348041534	0.010435686446726322	0.004753038752824068	0.0009385657613165677	0.01906793937087059	0.0009685229160822928	0.061008669435977936	0.00011060589895350859	0.0006036613485775888	0.000613381271250546	0.00014255889982450753	0.0005649853264912963	nan	nan	0.010192222893238068	0.03961018845438957	0.0008359740022569895	0.0002694586291909218	0.002594294026494026	0.047429803758859634	nan	0.010095756500959396	0.2580737769603729	0.5230290293693542	0.0495411641895771	0.2317579835653305	0.02457888238132	0.021393651142716408	0.007838641293346882	0.013192358426749706	0.029294244945049286	0.0010757175041362643	0.0016043420182541013	0.05137753486633301	0.02330956794321537	0.007486042100936174	0.006802365183830261	0.03246527165174484	0.22550708055496216	0.013414722867310047	0.003265600185841322	0.007221788167953491	0.00854557566344738	0.007498498540371656	0.007069415878504515	0.00045310816494747996	0.005332923494279385	0.024963095784187317	0.009441728703677654	0.009383964352309704	0.013018590398132801	0.0003295954375062138	0.0009180641500279307	0.000631056958809495	0.013800723478198051	0.021603507921099663	0.036062415689229965	0.0015118372393772006	0.0004039095074404031	0.0012674399185925722	0.07473603636026382	nan	nan	nan	nan	nan	nan	nan	nan	nan	nan	nan	nan	nan	nan	nan	nan
nan	nan	nan	nan	nan	nan	nan	nan	0.012882617302238941	0.0055079106241464615	0.025287998840212822	0.1219167560338974	0.003042973577976227	0.0030794937629252672	0.0036674072034657	0.0005251870024949312	0.13322269916534424	0.13866682350635529	0.0009717918001115322	0.00031724036671221256	0.00013180900714360178	0.00016736125689931214	0.00046347000170499086	0.0013509818818420172	0.003375646425411105	0.31245237588882446	0.011577744968235493	0.0017951303161680698	0.011306235566735268	0.009462820366024971	0.005288824439048767	nan	0.011654587462544441	0.46332815289497375	0.17967087030410767	0.04009682685136795	0.0015286721754819155	0.029531080275774002	0.06191598251461983	nan	nan	nan	0.06419365853071213	0.0049033393152058125	0.014306160621345043	nan	nan	nan	nan	nan	0.00015942807658575475	nan	0.001243600738234818	0.002728949533775449	0.0039176251739263535	0.009958725422620773	0.005653032101690769	0.029751090332865715	0.015269944444298744	0.03264178708195686	0.003868174273520708	0.007294814568012953	0.0016435182187706232	0.05425208806991577	0.5221496224403381	nan	0.00816519558429718	0.0003276167844887823	0.002110254019498825	0.09429113566875458	nan	nan	nan	nan	nan	nan	nan	nan	nan	nan	nan	nan	nan	nan	nan	nan	nan
nan	nan	nan	nan	nan	nan	nan	nan	nan	0.008886033669114113	0.0054649836383759975	0.027638040482997894	0.007327309809625149	0.00035485709668137133	0.0025716752279549837	0.00020813576702494174	0.0052398256957530975	nan	0.005350930150598288	0.00016232431516982615	0.00013177332584746182	6.099802703829482e-05	0.0005868722219020128	0.001933819381520152	0.025991473346948624	0.12201705574989319	0.13793431222438812	0.015507061965763569	0.05563773959875107	0.00523980800062418	0.0024355112109333277	0.0071644228883087635	0.03174479678273201	0.08828969299793243	0.08690163493156433	0.01471818145364523	0.0031342904549092054	0.0012392409844323993	nan	0.00046491005923599005	0.00017677515279501677	0.0019588114228099585	nan	0.022514652460813522	0.008194131776690483	0.0032626837491989136	nan	nan	0.11776375025510788	nan	nan	nan	nan	nan	0.0017956516239792109	0.017720166593790054	0.0100916912779212	0.003424203721806407	0.0037545219529420137	0.004408516455441713	0.026767371222376823	0.004365137312561274	0.008009546436369419	0.358580619096756	nan	0.03459218516945839	0.13236741721630096	0.0011595538817346096	0.0054356749169528484	nan	nan	nan	0.0042326245456933975	nan	nan	nan	nan	nan	nan	nan	nan	nan	nan	nan	nan	nan	nan
nan	nan	nan	nan	nan	nan	nan	nan	nan	0.0005500207771547139	0.21273162961006165	0.023981699720025063	0.003926689736545086	0.0006167034734971821	0.044103484600782394	0.0003823662700597197	0.0019625178538262844	0.018518012017011642	0.0008968610782176256	0.0014147250913083553	0.00031275535002350807	0.0003116082807537168	0.000700414355378598	0.029974009841680527	0.23745733499526978	0.10000422596931458	nan	0.009218808263540268	0.027798058465123177	0.11564209312200546	0.009142684750258923	0.0015306781278923154	0.008642682805657387	0.011967151425778866	0.3952816128730774	0.12854748964309692	0.0003936089633498341	nan	nan	nan	nan	0.010192666202783585	nan	nan	0.0030045972671359777	0.00309933302924037	nan	0.005448716226965189	0.0013183621922507882	nan	nan	nan	nan	0.0011845389381051064	0.004247833043336868	0.009631814435124397	0.001468562288209796	0.00022894325957167894	0.011064666323363781	0.03930332511663437	0.037933893501758575	0.0177292563021183	0.06972876936197281	0.08547515422105789	0.03069392777979374	0.0026295806746929884	0.010053725913167	0.01183959562331438	0.05708649754524231	nan	nan	0.005866356194019318	0.08432692289352417	nan	nan	nan	nan	nan	nan	nan	nan	nan	nan	nan	nan	nan	nan
nan	nan	nan	nan	nan	nan	nan	nan	nan	nan	0.0036145432386547327	0.07557804882526398	0.024296265095472336	0.004298734944313765	0.004456166177988052	0.00011330263805575669	0.10210701078176498	0.0013419929891824722	nan	0.03459895774722099	0.031222080811858177	0.008724954910576344	0.00487375445663929	0.010670708492398262	0.005861552897840738	0.15833435952663422	nan	nan	0.0059228260070085526	0.0016884361393749714	nan	nan	0.004472180735319853	0.020070616155862808	0.010140573605895042	0.029266690835356712	nan	nan	nan	nan	nan	nan	0.003950402140617371	0.009273190051317215	nan	nan	nan	nan	nan	nan	nan	nan	nan	nan	0.0025303384754806757	0.004447034560143948	0.10775211453437805	0.005042688921093941	0.0020559837576001883	0.024146681651473045	0.029447384178638458	0.03523356094956398	0.0347677506506443	0.002502220217138529	0.07424362003803253	0.046578750014305115	0.008185064420104027	0.004944594576954842	0.046098850667476654	nan	0.02351808361709118	0.007839123718440533	nan	nan	nan	nan	nan	nan	nan	nan	nan	nan	nan	nan	nan	nan	nan
nan	nan	nan	nan	nan	nan	nan	nan	nan	nan	0.0020476963836699724	0.0033864632714539766	0.000980678480118513	0.001158505561761558	0.0004704549501184374	0.0058353366330266	0.00018583625205792487	0.00011654934496618807	nan	nan	nan	0.31337082386016846	0.06338519603013992	0.02134818024933338	0.01788822002708912	0.03650057688355446	0.005284325685352087	nan	0.006546585354954004	0.007248187903314829	nan	nan	nan	0.0018188339890912175	0.0027600571047514677	nan	nan	nan	nan	nan	nan	nan	nan	0.007785913068801165	0.01046515442430973	nan	nan	nan	nan	nan	nan	nan	nan	nan	0.04595150053501129	0.0049591101706027985	0.04163379594683647	0.036632686853408813	0.0008706664084456861	0.26302778720855713	0.06284108012914658	0.27882036566734314	0.15395009517669678	0.15357093513011932	0.01195470429956913	0.0039987871423363686	0.04490185156464577	0.1767001450061798	nan	0.029206812381744385	0.032672032713890076	0.005325926933437586	nan	nan	nan	nan	nan	nan	nan	nan	nan	nan	nan	nan	nan	nan	nan
nan	nan	nan	nan	nan	nan	nan	nan	nan	nan	nan	0.008031642064452171	0.0005982136353850365	0.014036670327186584	0.0017610983923077583	0.0004381627368275076	0.002970984438434243	0.11401165276765823	0.0033666284289211035	0.033259317278862	nan	nan	0.2046109139919281	0.05448160693049431	0.14838922023773193	0.045085832476615906	0.0031508670654147863	nan	nan	nan	nan	nan	nan	nan	nan	nan	nan	nan	nan	nan	nan	nan	nan	nan	0.011447543278336525	nan	nan	nan	nan	nan	nan	nan	nan	nan	0.010321181267499924	0.1385672241449356	0.025616854429244995	0.006029054056853056	0.005887634586542845	0.10582021623849869	0.06367796659469604	0.26576709747314453	0.0752420499920845	0.013091899454593658	0.0035435741301625967	0.030444011092185974	0.10466505587100983	nan	nan	0.06450658291578293	0.024418354034423828	0.20592737197875977	nan	nan	nan	nan	nan	nan	nan	nan	nan	nan	nan	nan	nan	nan	nan
nan	nan	nan	nan	nan	nan	nan	nan	nan	nan	nan	nan	0.015941571444272995	0.01056563202291727	0.002139420248568058	0.014517230913043022	0.00023051879543345422	0.015796270221471786	nan	nan	nan	nan	0.4395127594470978	0.09108591079711914	0.23402728140354156	0.06873481720685959	0.0004979529185220599	nan	nan	nan	nan	nan	nan	nan	nan	nan	nan	nan	nan	nan	nan	nan	nan	nan	nan	nan	nan	nan	nan	nan	nan	nan	nan	nan	nan	0.009178217500448227	0.012249188497662544	0.0012131071416661143	0.014058880507946014	nan	nan	0.28711214661598206	nan	0.15290728211402893	0.104985311627388	0.2240816056728363	nan	nan	0.022160431370139122	0.018821706995368004	0.10513274371623993	nan	nan	nan	nan	nan	nan	nan	nan	nan	nan	nan	nan	nan	nan	nan	nan
nan	nan	nan	nan	nan	nan	nan	nan	nan	nan	nan	nan	nan	0.0003659444337245077	0.0015341992257162929	0.009355762973427773	0.0035447145346552134	0.035798441618680954	nan	nan	nan	nan	0.38963744044303894	0.08361951261758804	nan	nan	nan	nan	nan	nan	nan	nan	nan	nan	nan	nan	nan	nan	nan	nan	nan	nan	nan	nan	nan	nan	nan	nan	nan	nan	nan	nan	nan	nan	nan	0.003461169544607401	0.016996921971440315	0.009618714451789856	0.00987133290618658	nan	nan	nan	nan	nan	nan	nan	nan	0.015160196460783482	0.026695217937231064	0.026193296536803246	nan	nan	nan	nan	nan	nan	nan	nan	nan	nan	nan	nan	nan	nan	nan	nan	nan
nan	nan	nan	nan	nan	nan	nan	nan	nan	nan	nan	nan	nan	nan	0.001687682350166142	0.0034674115013331175	0.0013866302324458957	0.013294576667249203	0.11779964715242386	0.30515527725219727	0.3423405885696411	0.26508888602256775	0.38262173533439636	nan	nan	nan	nan	nan	nan	nan	nan	nan	nan	nan	nan	nan	nan	nan	nan	nan	nan	nan	nan	nan	nan	nan	nan	nan	nan	nan	nan	nan	nan	nan	nan	0.002181669929996133	0.0054752458818256855	0.0008776659960858524	0.16906960308551788	nan	nan	nan	nan	nan	nan	nan	nan	0.007734696846455336	0.06739208847284317	0.07119657844305038	nan	nan	nan	nan	nan	nan	nan	nan	nan	nan	nan	nan	nan	nan	nan	nan	nan
nan	nan	nan	nan	nan	nan	nan	nan	nan	nan	nan	nan	nan	nan	0.0018362407572567463	0.00036823138361796737	0.0016262425342574716	0.12082985788583755	0.003940228838473558	0.002226190874353051	0.46880513429641724	0.1995648294687271	nan	nan	nan	nan	nan	nan	nan	nan	nan	nan	nan	nan	nan	nan	nan	nan	nan	nan	nan	nan	nan	nan	nan	nan	nan	nan	nan	nan	nan	nan	nan	nan	nan	nan	0.001475413329899311	0.007055198308080435	0.3923626244068146	nan	nan	nan	nan	nan	nan	nan	nan	0.07940523326396942	0.01727425307035446	0.2524730861186981	nan	nan	nan	nan	nan	nan	nan	nan	nan	nan	nan	nan	nan	nan	nan	nan	nan
nan	nan	nan	nan	nan	nan	nan	nan	nan	nan	nan	nan	nan	nan	nan	nan	nan	nan	0.009093855507671833	nan	nan	nan	nan	nan	nan	nan	nan	nan	nan	nan	nan	nan	nan	nan	nan	nan	nan	nan	nan	nan	nan	nan	nan	nan	nan	nan	nan	nan	nan	nan	nan	nan	nan	nan	nan	nan	nan	nan	nan	nan	nan	nan	nan	nan	nan	nan	0.17207302153110504	0.2732999622821808	0.02118099480867386	nan	nan	nan	nan	nan	nan	nan	nan	nan	nan	nan	nan	nan	nan	nan	nan	nan	nan
nan	nan	nan	nan	nan	nan	nan	nan	nan	nan	nan	nan	nan	nan	nan	nan	nan	nan	nan	nan	nan	nan	nan	nan	nan	nan	nan	nan	nan	nan	nan	nan	nan	nan	nan	nan	nan	nan	nan	nan	nan	nan	nan	nan	nan	nan	nan	nan	nan	nan	nan	nan	nan	nan	nan	nan	nan	nan	nan	nan	nan	nan	nan	nan	nan	nan	0.21180765330791473	0.2262570858001709	nan	nan	nan	nan	nan	nan	nan	nan	nan	nan	nan	nan	nan	nan	nan	nan	nan	nan	nan
nan	nan	nan	nan	nan	nan	nan	nan	nan	nan	nan	nan	nan	nan	nan	nan	nan	nan	nan	nan	nan	nan	nan	nan	nan	nan	nan	nan	nan	nan	nan	nan	nan	nan	nan	nan	nan	nan	nan	nan	nan	nan	nan	nan	nan	nan	nan	nan	nan	nan	nan	nan	nan	nan	nan	nan	nan	nan	nan	nan	nan	nan	nan	nan	nan	0.1458921879529953	nan	nan	nan	nan	nan	nan	nan	nan	nan	nan	nan	nan	nan	nan	nan	nan	nan	nan	nan	nan	nan
nan	nan	nan	nan	nan	nan	nan	nan	nan	nan	nan	nan	nan	nan	nan	nan	nan	nan	nan	nan	nan	nan	nan	nan	nan	nan	nan	nan	nan	nan	nan	nan	nan	nan	nan	nan	nan	nan	nan	nan	nan	nan	nan	nan	nan	nan	nan	nan	nan	nan	nan	nan	nan	nan	nan	nan	nan	nan	nan	nan	nan	nan	nan	nan	nan	nan	nan	nan	nan	nan	nan	nan	nan	nan	nan	nan	nan	nan	nan	nan	nan	nan	nan	nan	nan	nan	nan
